{"stat.useItem.minecraft.command_block":1,"stat.walkOneCm":62989,"stat.useItem.minecraft.stone":7,"stat.leaveGame":4,"stat.useItem.minecraft.potion":3,"stat.useItem.minecraft.glowstone":10,"stat.useItem.minecraft.bedrock":2,"stat.jump":15,"stat.swimOneCm":59,"stat.useItem.minecraft.milk_bucket":8,"stat.useItem.minecraft.sea_lantern":2,"stat.crouchOneCm":3339,"stat.useItem.minecraft.stone_button":1,"stat.sprintOneCm":45746,"achievement.exploreAllBiomes":{"value":0,"progress":["Mesa","Jungle","Ice Plains","Plains"]},"stat.useItem.minecraft.dispenser":1,"achievement.openInventory":29,"stat.useItem.minecraft.barrier":1,"stat.useItem.minecraft.stone_pressure_plate":1,"stat.dispenserInspected":3,"stat.flyOneCm":198994,"stat.playOneMinute":33772,"stat.timeSinceDeath":33772,"stat.useItem.minecraft.sign":2,"stat.diveOneCm":20}